numerical_file_id,file_id,file_name,file_type
7294381919926765,AgACAgUAAxkBAAOZZUQRyzTniwnqAd1Nli54we1NMTcAAim5MRsR1iBWLYh6-bqp2JkBAAMCAAN5AAMzBA,Photo,Photo
2836573210839045,AgACAgUAAxkBAAOfZUQR6ZKpmD46DlIJ119dP_ctUBAAAim5MRsR1iBWLYh6-bqp2JkBAAMCAAN5AAMzBA,Photo,Photo
1867648307638190,BAACAgUAAxkBAAOjZUQSY6XbO1lkX5wo9k4Zrm7JQngAApoKAAKzMQhUWxzIbFdn_MczBA,24. Beta galactosidase or lactase atf.mp4,Video
9879203629230375,AgACAgUAAxkBAAOqZUQTJxHTcHkBDIkldPjEWPSslJcAAkO5MRsR1iBW3dZpQQ0S9owBAAMCAAN5AAMzBA,Photo,Photo
0873151718499444,AgACAgUAAxkBAAO2ZUQWxcWbgaKZr829orTQHNKu1IUAAim5MRsR1iBWLYh6-bqp2JkBAAMCAAN5AAMzBA,Photo,Photo
7798247340001285,BAACAgEAAxkBAAO6ZUQYi3HGOCtRbbX5FCr1dmohKpoAAp0CAALEGjhEfV931XM1qHYzBA,5. Autonomic Nervous System26. Cholinergic Drugs atf.mp4,Video
4211490412516547,BAACAgUAAxkBAAO7ZUQYi1f4HE-SNnXVDDOGO3oar8oAApoKAAKzMQhUWxzIbFdn_MczBA,24. Beta galactosidase or lactase atf.mp4,Video
3922138609188037,BAACAgEAAxkBAAPCZUQZuR7A9er5R9yeBOOwdgxjrvMAAp0CAALEGjhEfV931XM1qHYzBA,5. Autonomic Nervous System26. Cholinergic Drugs atf.mp4,Video
5890388935677675,BQACAgQAAxkBAAPLZUQoTZIjFwxnshbvV9QHR0M5RW0AAgwRAAJuMGBTIBhC2L9AnI0zBA,310_Neurovascular_Disorders_Vertebrobasilar_Stroke_Syn_@Vid4Med.mp4,Document
0515011769231553,AgACAgUAAxkBAAPTZUQpsRCE88oB5Hz82W1BOF7UAdoAAim5MRsR1iBWLYh6-bqp2JkBAAMCAAN5AAMzBA,Photo,Photo
2618541678797564,BQACAgQAAxkBAAPVZUQpxek5tB1rDQ47OTmOQRKfkL4AAgwRAAJuMGBTIBhC2L9AnI0zBA,310_Neurovascular_Disorders_Vertebrobasilar_Stroke_Syn_@Vid4Med.mp4,Document
6832075744604239,BQACAgUAAxkBAAPZZUQp6rNIFTBuFt68IxU7aRF0bmkAAmICAAI9sEhWy5WXDlqTR7UzBA,GetPharm - Pulmonology.rar,Document
5060652828250754,BAACAgUAAxkBAAPdZUSYGpZcTidxc4llicxOQ4btEVkAAqQMAALKCxFWksgyJtabNnAzBA,001 - General Topics - Confidentiality @Vid4Med.mp4,Video
3232475182995068,BAACAgUAAxkBAAPnZUSuWy9SJmmz3kUxXeF6LfcVAbAAAlULAAKeQRlW41I3itwWEvkzBA,001 - General Topics - Confidentiality @Vid4Med.mp4,Video
8337927041956089,BAACAgUAAxkBAAPoZUSuW3dcDQWEqLHt9kK0MAmSDyUAAloLAAKeQRlWRHOX2rj1C6wzBA,002 - General Topics - Decision-Making Capacity @Vid4Med.mp4,Video
8188297355025651,BAACAgUAAxkBAAPpZUSuWxXmJAF-MERsBmqFqh7nhpIAAl0LAAKeQRlWL41rmcvvBQMzBA,003 - General Topics - Delivering Bad News @Vid4Med.mp4,Video
1377819063702573,BAACAgUAAxkBAAPqZUSuW7nKo5cLgKV6vQk3C6_zAosAAl4LAAKeQRlW6XPxc7z7v3IzBA,004 - General Topics - Ethics Principles @Vid4Med.mp4,Video
1512682979678844,BAACAgUAAxkBAAPrZUSuW8FrYMZ3pmbTBGMMRskgPPAAAl8LAAKeQRlWxwY9vDZLRkkzBA,005 - General Topics - Informed Consent @Vid4Med.mp4,Video
6939906772468522,BAACAgUAAxkBAAPsZUSuWzlvFT-1k611swFN1I1L_hAAAmELAAKeQRlWzsMolBXgTvQzBA,006 - General Topics - Public Health @Vid4Med.mp4,Video
5477927991399501,BAACAgUAAxkBAAPtZUSuWyP8D__ub4f-frwidOnJsN4AAmILAAKeQRlWJbJ40p76AAEhMwQ,007 - General Topics - Quality @Vid4Med.mp4,Video
8169555325077792,BAACAgUAAxkBAAPuZUSuWwABR_mjJQTc_tdiR74rdAbBAAJjCwACnkEZVro6VLZ-X6C6MwQ,008 - General Topics - Safety @Vid4Med.mp4,Video
9479392911349518,BAACAgUAAxkBAAPvZUSuWwABfu-hDWvNIREJ3JNbzkrFAAJkCwACnkEZVmHbpwHpKQnNMwQ,009 - Arrhythmias - ACLS and Tachycardias @Vid4Med.mp4,Video
6996988706865294,BAACAgUAAxkBAAPwZUSuW3okLT0Lx7CHu8cpxvFfK68AAmULAAKeQRlWoZG_T2md6jszBA,010 - Arrhythmias - Atrial Fibrillation and Flutter @Vid4Med.mp4,Video
5957005654777237,BAACAgUAAxkBAAPxZUSuW-4vE9fYdeq-oA9fbnoxWr4AAmYLAAKeQRlWVluug61ZEnEzBA,011 - Arrhythmias - Bradycardia @Vid4Med.mp4,Video
5331900031896927,BAACAgUAAxkBAAPyZUSuWwktFK0MaJ-pWasdK8x497wAAmgLAAKeQRlWbOyzpHAbl5ozBA,012 - Arrhythmias - EKG Interpretation @Vid4Med.mp4,Video
0534420002000574,BAACAgUAAxkBAAPzZUSuW_09ltGwTMhVdFGa_MeiuWsAAmkLAAKeQRlWbtmbZk-nrkYzBA,013 - Cardiac Auscultation - Heart Murmurs @Vid4Med.mp4,Video
6517639675493402,BAACAgUAAxkBAAP0ZUSuW130ZBvWZK-jbIQwzT3HXsEAAmoLAAKeQRlWdYu5zLQU8lszBA,014 - Cardiac Auscultation - Heart Sounds @Vid4Med.mp4,Video
4075778120602856,BAACAgUAAxkBAAP1ZUSuW0_5qcU6cEU5yXY7hKttNBgAAmwLAAKeQRlWhIiqEEu9YG8zBA,015 - Heart Failure - Cardiomyopathy @Vid4Med.mp4,Video
6133677410744015,BAACAgUAAxkBAAP2ZUSuWw9cXvQf3JIRFLkuadJTO2AAAm4LAAKeQRlW1T4D14DAVGAzBA,016 - Heart Failure - Heart Failure I @Vid4Med.mp4,Video
1252998145299876,BAACAgUAAxkBAAP3ZUSuW_e4W4nV4u7GiTo0LiKNcx0AAm8LAAKeQRlWRdwGXaYi8bEzBA,017 - Heart Failure - Heart Failure II @Vid4Med.mp4,Video
1018912947712313,BAACAgUAAxkBAAP4ZUSuW1qfPM-WuEXQo_zIOqNe1NEAAnALAAKeQRlWASi0lwABrU4EMwQ,018_Ischemic_Heart_Disease_Coronary_Artery_Disease_@Vid4Med.mp4,Video
9520684429952769,BAACAgUAAxkBAAP5ZUSuW83vFPTaInceRWzsiWNdTmMAAnILAAKeQRlWZA6D2s8WZxUzBA,019 - Ischemic Heart Disease - STEMI @Vid4Med.mp4,Video
7062671189993803,BAACAgUAAxkBAAP6ZUSuW0osqQV7IY8ruWrXbFSrDxkAAnMLAAKeQRlWh7GluuJ0kM4zBA,020 - Other Topics - Aortic Disease @Vid4Med.mp4,Video
7373408135936170,BAACAgUAAxkBAAP7ZUSuW84wUGKlQXW_nVt02_CK7xYAAnYLAAKeQRlWHdwZMpNVp4szBA,021 - Other Topics - Hyperlipidemia @Vid4Med.mp4,Video
1846064492454242,BAACAgUAAxkBAAP8ZUSuW7zK_DirQc0yq-4UPHceN9QAAncLAAKeQRlW46qETPCOoNgzBA,022 - Other Topics - Hypertension @Vid4Med.mp4,Video
9355562970246701,BAACAgUAAxkBAAP9ZUSuW8nO1xfcSmWWOPE2FmW_s6UAAnoLAAKeQRlWlpy5u9sI1M4zBA,023 - Other Topics - Pericardial Disease @Vid4Med.mp4,Video
8086824131640410,BAACAgUAAxkBAAP-ZUSuW1UAAbFfvEttG1UGsY7psYk8AAJ8CwACnkEZVuajpXWE_nSLMwQ,024 - Other Topics - Peripheral Vascular Disease. @Vid4Med.mp4,Video
0725144166264174,BAACAgUAAxkBAAP_ZUSuWzC2TzVtkPcAAZOyFUYamfEzAAJ9CwACnkEZVm1yYkXxWaqdMwQ,025 - Other Topics - Valvular Heart Disease @Vid4Med.mp4,Video
7527285888974728,BAACAgUAAxkBAAIBAAFlRK5b9sL3MKr_ELk3qHUNO9GcrgACfgsAAp5BGVb2EiQYIrCUiDME,026Pharmacology - Cardiovascular Pharmacology I @Vid4Med.mp4,Video
9000483231345565,BAACAgUAAxkBAAIBAWVErlt9HlkF4tZkKXEakXQInYTPAAKBCwACnkEZVpI4qKF0ZcEoMwQ,027Pharmacology - Cardiovascular Pharmacology II @Vid4Med.mp4,Video
8829440119321183,BAACAgUAAxkBAAIBAmVErlsI8FyctqxHkJzdq3RXFPC-AAKCCwACnkEZViMEAhfnYrSNMwQ,028 - Emergencies - Burns  @Vid4Med.mp4,Video
6639953672222619,BAACAgUAAxkBAAIBA2VErlvN-JG5vDvyqtrU0Pi__TQNAAKDCwACnkEZVrfXSsMdaN-uMwQ,029 - Emergencies - Chest Pain and Dyspnea @Vid4Med.mp4,Video
7394594618867435,BAACAgUAAxkBAAIBBGVErlvtmXyTnS-1xGhts6n6d_b6AAKECwACnkEZVsZ55YGedyqaMwQ,030 - Emergencies - Common Emergencies @Vid4Med.mp4,Video
9630537341531739,BAACAgUAAxkBAAIBBWVErlvGJhEB-wL8TurNCBxxkBu4AAKFCwACnkEZVjUfrBgtQWnvMwQ,031 - Emergencies - Toxicology @Vid4Med.mp4,Video
4835489350802960,BAACAgUAAxkBAAIBBmVErltcNMVAcPDsQqvNAw2eZ0CLAAKICwACnkEZVhmkPaWRZjxAMwQ,032 - Trauma - Abdominal Trauma @Vid4Med.mp4,Video
1188437579771108,BAACAgUAAxkBAAIBB2VErlv1iPrpXxZenH9909txkKfMAAKNCwACnkEZVrtSNtIxaSXUMwQ,033 - Trauma - Chest Trauma @Vid4Med.mp4,Video
0217421834509851,BAACAgUAAxkBAAIBCGVErluQ6qFOxXKkWr2ZzPMfFtb_AAKOCwACnkEZVncSgkSrgOkOMwQ,034 - Trauma - Fractures @Vid4Med.mp4,Video
9045264524865496,BAACAgUAAxkBAAIBCWVErls52gZeXvQQiiUffYhJiU2KAAKQCwACnkEZVrhLKx1chhyjMwQ,035 - Trauma - Neck and Spinal Trauma @Vid4Med.mp4,Video
1527294754910976,BAACAgUAAxkBAAIBCmVErlvg_hSi9VPE3DpxH5vCDin6AAKRCwACnkEZVmya5df9WUr_MwQ,036 - Trauma - Pelvic Trauma @Vid4Med.mp4,Video
1178061084323535,BAACAgUAAxkBAAIBC2VErlvjBP8iS-tMXBjSFmABtMGxAAKSCwACnkEZVq6HPoCvE4Z0MwQ,037 - Trauma - Trauma Basics @Vid4Med.mp4,Video
3109573969762592,BAACAgUAAxkBAAIBDGVErlvHrOdZmVfjOXfSlqKidxNaAAKTCwACnkEZViGMw8fJAYfVMwQ,038 - Adrenal Glands - Adrenal Insufficiency @Vid4Med.mp4,Video
0353807991925558,BAACAgUAAxkBAAIBDWVErltHdwKiOOh6nSUJoZ4wn5OAAAKWCwACnkEZVlgli8JJ46bNMwQ,039 - Adrenal Glands - Cushing Syndrome @Vid4Med.mp4,Video
6586064039542981,BAACAgUAAxkBAAIBDmVErlt1b5OsQQ2cowT_tx4_lWCRAAKYCwACnkEZVlDSrqRJynywMwQ,040 - Adrenal Glands - Hyperaldosteronism @Vid4Med.mp4,Video
9873979311202918,BAACAgUAAxkBAAIBD2VErluDttqQRFLbEV148aMRQs4NAAKZCwACnkEZVs_357PASDjsMwQ,041 - Diabetes - Diabetes Complications @Vid4Med.mp4,Video
9749542695977362,BAACAgUAAxkBAAIBEGVErlvcVIeyGzS-QE4oYivk0mJgAAKaCwACnkEZVhR48R1HnxPaMwQ,042 - Diabetes - Diabetes Mellitus @Vid4Med.mp4,Video
6042046477621858,BAACAgUAAxkBAAIBEWVErlsbTiNKfXVutEro7fwWpEtgAAKbCwACnkEZVv9Pb49xDYXjMwQ,043 - Diabetes - Diabetes Treatment @Vid4Med.mp4,Video
8636482029573031,BAACAgUAAxkBAAIBEmVErluIDE_ZdIfZguQGoQKT1Um_AAKcCwACnkEZViH0G7i5Qi0YMwQ,044 - Diabetes - Diabetic Ketoacidosis @Vid4Med.mp4,Video
3473987941531357,BAACAgUAAxkBAAIBE2VErlvpBka7ltmi9fV4iR95Xkv2AAKdCwACnkEZVlBX3cr6XgvpMwQ,045 - Diabetes - Insulin @Vid4Med.mp4,Video
6333265302523507,BAACAgUAAxkBAAIBFGVErlv0gP8K86horh3OP_J1Ssj-AAKfCwACnkEZVlw-vWqyE448MwQ,046 - Other Topics - Hyperparathyroidism @Vid4Med.mp4,Video
7439186715267445,BAACAgUAAxkBAAIBFWVErltZjnbHjzkC-mshheM2A48bAAKhCwACnkEZVvQBlsTvbN2VMwQ,047 Other Topics  Hypoparathyroidism Vitamin D @Vid4Med.mp4,Video
0273135948071511,BAACAgUAAxkBAAIBFmVErltXEJ3x7TW9DL1a4eczbfPXAAKiCwACnkEZVmaaZdC_UW0OMwQ,048 - Other Topics - Osteoporosis @Vid4Med.mp4,Video
4150428797966443,BAACAgUAAxkBAAIBF2VErlsoqN-jfC0rzFvFNrYVIo1uAAKjCwACnkEZVrHTxwMf5FN4MwQ,049 - Other Topics - Pituitary Gland @Vid4Med.mp4,Video
3335231609204040,BAACAgUAAxkBAAIBGGVErltM71jEbxIwL20DU4iDgZmuAAKlCwACnkEZVh_nr-MgssLEMwQ,050 - Thyroid Gland - Hyperthyroidism @Vid4Med.mp4,Video
0220612677160424,BAACAgUAAxkBAAIBGWVErlv7XJIUypiRKiGLZa5pd7ZHAAKnCwACnkEZVobLMqc6t4M2MwQ,051 - Thyroid Gland - Hypothyroidism @Vid4Med.mp4,Video
5295048176026333,BAACAgUAAxkBAAIBGmVErluH1iTuubtB222KcvlZHCyUAAKpCwACnkEZVhJOOdT60YkVMwQ,052 - Thyroid Gland - Thyroid Hormone @Vid4Med.mp4,Video
9095227671307726,BAACAgUAAxkBAAIBG2VErls57A3LaUe8j45LPg6-wweGAAKqCwACnkEZVgXyekHC9NtMMwQ,053 - Thyroid Gland - Thyroid Nodules @Vid4Med.mp4,Video
2882895822234508,BAACAgUAAxkBAAIBHGVErltLTlp1FA2Il7PkXyN-HZZyAAKrCwACnkEZVpY7hqp-_OBWMwQ,054 - General Topics - Bias @Vid4Med.mp4,Video
3742844848597462,BAACAgUAAxkBAAIBHWVErluoIYucQII3nqIqze2fI1_WAAKsCwACnkEZVtSR2kEBWZUvMwQ,055 - General Topics - Clinical trials @Vid4Med.mp4,Video
2762572936281109,BAACAgUAAxkBAAIBHmVErls5Ab0OljWL1S9JHoso_bB5AAKtCwACnkEZVkGW_gp8absCMwQ,056 - General Topics - Correlations @Vid4Med.mp4,Video
6990058729095343,BAACAgUAAxkBAAIBH2VErlvh4_DuGhXTiYaE9PTY2V6mAAKuCwACnkEZVpILAAHK0VZBdzME,057 - General Topics - Diagnostic Tests @Vid4Med.mp4,Video
8034230611102609,BAACAgUAAxkBAAIBIGVErlug4ojvDRDvPpfjJIA7YpZyAAKvCwACnkEZVmGeFA-wTOqdMwQ,058 - General Topics - Evidence Based Medicine @Vid4Med.mp4,Video
8395444269833829,BAACAgUAAxkBAAIBIWVErltylNDqgHYdSUlIKOceYT70AAKwCwACnkEZVpCD65A-BvayMwQ,059 - General Topics - Hypothesis Testing @Vid4Med.mp4,Video
0965188991884203,BAACAgUAAxkBAAIBImVErlv5Uy-WId6YiGEN3e8aFuUJAAKxCwACnkEZVvynIsozZUMbMwQ,060 - General Topics - Predictive Values @Vid4Med.mp4,Video
3486943961547246,BAACAgUAAxkBAAIBI2VErls-1SFOJU_fDFWf-sWM9M6YAAKzCwACnkEZVugWasHt7WVTMwQ,061 - General Topics - Risk Quantification @Vid4Med.mp4,Video
8010785703588107,BAACAgUAAxkBAAIBJGVErlubR-SxIFj5_L2qSU-HqPn3AAK0CwACnkEZVn8Nom8bRwLqMwQ,062 - General Topics - Sensitivity and Specificity @Vid4Med.mp4,Video
5968048024596789,BAACAgUAAxkBAAIBJWVErlvrB4jsBFb3eHqbAa4feMpwAAK1CwACnkEZVsd4tnk3wyN8MwQ,063 - General Topics - Statistics @Vid4Med.mp4,Video
9956542476437913,BAACAgUAAxkBAAIBJmVErlvc-CXkemOVlEjdDJMErbhbAAK2CwACnkEZVpNmkbmSJGEkMwQ,064 - General Topics - Study Designs @Vid4Med.mp4,Video
1930300923454863,BAACAgUAAxkBAAIBJ2VErltqoQXTWZeWo9ptkoP6ek7OAAK6CwACnkEZVgoFs9kFjxRzMwQ,065 - General Topics - Tests of Significance @Vid4Med.mp4,Video
5973810667142665,BAACAgUAAxkBAAIBKGVErlvnFd9Q57oYQtx1sbbIGfFoAALACwACnkEZVv__vt2tqGjOMwQ,066 - Biliary Tree and Pancreas - Biliary Disease  @Vid4Med.mp4,Video
3974047666485913,BAACAgUAAxkBAAIBKWVErlsPqPSylDrxHQz0SX2qQ0WDAALBCwACnkEZVmxCFAoUzdU4MwQ,067 - Biliary Tree and Pancreas - Gallstone Disease @Vid4Med.mp4,Video
9575093434311054,BAACAgUAAxkBAAIBKmVErltbE8DJo-5uRbYgLbQhLDLaAALCCwACnkEZVojEE_46n07SMwQ,068 - Biliary Tree and Pancreas - Pancreatic Cancer @Vid4Med.mp4,Video
1492588549960874,BAACAgUAAxkBAAIBK2VErlvdrHeqgcEry2FC4t17BY_kAALDCwACnkEZVrZdPeWbyn_WMwQ,069 - Biliary Tree and Pancreas - Pancreatitis @Vid4Med.mp4,Video
0695870151376390,BAACAgUAAxkBAAIBLGVErluD1tNRHYCOm-D0fkSayYYgAALHCwACnkEZVm4Dw0CUfE4AATME,070 - Esophagus and Stomach - Esophageal Disorders @Vid4Med.mp4,Video
5738833242584733,BAACAgUAAxkBAAIBLWVErlv6EBlJQTbOYfX5eybjAxfsAALJCwACnkEZVsgqQKOnnA3WMwQ,071 - Esophagus and Stomach - Gastric Cancer @Vid4Med.mp4,Video
3625855587457534,BAACAgUAAxkBAAIBLmVErlvuRPyIex0aozu4xJkwmhPnAALLCwACnkEZVhbmVqiAxsthMwQ,072 - Esophagus and Stomach - Gastric Disorders @Vid4Med.mp4,Video
5772164692070898,BAACAgUAAxkBAAIBL2VErlsX9V_53ZFivB7jj5tGZYvxAALQCwACnkEZVrMxG8EU0Ma2MwQ,073_Esophagus_and_Stomach_GERD_and_Esophageal_Cancer_@Vid4Med.mp4,Video
8776254278934691,BAACAgUAAxkBAAIBMGVErlsFRpLMoZJ6-b44PxJHYULdAALUCwACnkEZVnQ8hSjFLv9AMwQ,074 - Intestines - Colon Cancer @Vid4Med.mp4,Video
5487960197475532,BAACAgUAAxkBAAIBMWVErlssGqBqzvArT6yQ8fWt2OAcAALWCwACnkEZVsN4rr6wCR-7MwQ,075 - Intestines - Colorectal Disease @Vid4Med.mp4,Video
4992294912640838,BAACAgUAAxkBAAIBMmVErlvjTKPdjtvHXRFuuNZge-otAALYCwACnkEZVrK0lDKyfGIhMwQ,076-Intestines - Inflammatory Bowel Disease  @Vid4Med.mp4,Video
9339234064310309,BAACAgUAAxkBAAIBM2VErlssHh6qYyqlieHn3gECuKNGAALeCwACnkEZVltKZwABbTBmeTME,077 - Intestines - Small Bowel Disease @Vid4Med.mp4,Video
9255259348633064,BAACAgUAAxkBAAIBNGVErlvvXAmm6qsK7xASJQt1X_dmAALgCwACnkEZVmS6FP6XQ6q_MwQ,078 - Liver - Cirrhosis @Vid4Med.mp4,Video
3984192353868628,BAACAgUAAxkBAAIBNWVErlvBJvIr9_3ju2Kgo5ilXyRiAALhCwACnkEZVs_wKqsPDWz3MwQ,079 - Liver - Hemochromatosis @Vid4Med.mp4,Video
5733329573675679,BAACAgUAAxkBAAIBNmVErluTsxDMae5UI-6QV5va9x78AALiCwACnkEZVidAPo7uutziMwQ,080 - Liver - Hyperbilirubinemia @Vid4Med.mp4,Video
6825822512014456,BAACAgUAAxkBAAIBN2VErltPMnwkujnf1aHUO__5Dp8wAALjCwACnkEZVu9-TUNFnLWNMwQ,081 - Liver - Liver Disease @Vid4Med.mp4,Video
4219387006225711,BAACAgUAAxkBAAIBOGVErluJxeoGWUpWt8v-gJYIVlH1AALkCwACnkEZVi_0KhTjQg8OMwQ,082 - Liver - Liver Masses @Vid4Med.mp4,Video
7998170453222032,BAACAgUAAxkBAAIBOWVErlsqranp1ZHgltDvjiv8HehkAALlCwACnkEZVm-KRRwikCnFMwQ,083 - Liver - Viral Hepatitis @Vid4Med.mp4,Video
7682725897008091,BAACAgUAAxkBAAIBOmVErlspTPhXBX92NwSygq17Txv6AALmCwACnkEZVgoFoO0mwZxZMwQ,084 - Liver - Wilson_s Disease @Vid4Med.mp4,Video
9489102259139474,BAACAgUAAxkBAAIBO2VErlv0GO5nku8IU2jMzOCwpDHcAALnCwACnkEZVqlrmVbfZn_MMwQ,085 - Other Topics - Diarrhea @Vid4Med.mp4,Video
9142103366778741,BAACAgUAAxkBAAIBPGVErltQFq6Q0ARBoamrkvjwFEUdAALpCwACnkEZVpQ43WUEr7g_MwQ,086 - Other Topics - Gastrointestinal Bleeding @Vid4Med.mp4,Video
9796278985474682,BAACAgUAAxkBAAIBPWVErls5nwZiosmUQkoJaQ7M8AyOAALrCwACnkEZVoEpvvKq_JNiMwQ,087 - Other Topics - Gastrointestinal Pharmacology @Vid4Med.mp4,Video
6967113007532832,BAACAgUAAxkBAAIBPmVErlvsKt-M1MrB8bNSVG4v1BmMAAISDAACnkEZVqdKFH7629W3MwQ,088 - Other Topics - Hernias @Vid4Med (1).mp4,Video
2518070382841681,BAACAgUAAxkBAAIBP2VErlsdAAGEx4zqBUkfcfYHPCqxIQACEwwAAp5BGVYya0DvP3VbwTME,089 - Other Topics - Malabsorption @Vid4Med.mp4,Video
0719830711280182,BAACAgUAAxkBAAIBQGVErlssTUKH71MrWcqavplHx-XMAAIVDAACnkEZVm-pvdSpKWhsMwQ,090 - Coagulation - Anticoagulant @Vid4Med.mp4,Video
1597934828379819,BAACAgUAAxkBAAIBQWVErls3zhTXgCJZf67CZyFHj6JsAAIXDAACnkEZVuk_2edJ_T8TMwQ,091 - Coagulation - Antiplatelet Drug @Vid4Med.mp4,Video
5089627735398170,BAACAgUAAxkBAAIBQmVErltHb-PxVZ_R9z6JmzThyGavAAIZDAACnkEZViZFunfbY8x1MwQ,092 - Coagulation - Coagulopathy @Vid4Med.mp4,Video
7068605323834515,BAACAgUAAxkBAAIBQ2VErlu7eapUIqvFdgWECdXODOFCAAIaDAACnkEZVlko4QKjGaybMwQ,094 - Coagulation - Thrombocytopenia @Vid4Med.mp4,Video
2903239176399542,BAACAgUAAxkBAAIBRGVErlvL4YQtPKuKw_6VMZXJVjI5AAIbDAACnkEZVg5UyMJ0KNiYMwQ,093 - Coagulation - Hypercoagulable States @Vid4Med.mp4,Video
1620105334154159,BAACAgUAAxkBAAIBRWVErluNmEshTRzQwn8R1nRL8rgWAAIcDAACnkEZVhtcZloYEGI1MwQ,095 - Red Cells - Blood Products @Vid4Med.mp4,Video
6543793232629012,BAACAgUAAxkBAAIBRmVErls7vZ5HPwlSTuI0dmHr_n6JAAIjDAACnkEZVu37Y1iN6M_3MwQ,096 - Red Cells - Extrinsic Hemolysis @Vid4Med.mp4,Video
5564125962588338,BAACAgUAAxkBAAIBR2VErlv7en7Ptj2wrZCJgMKsxBJvAAIkDAACnkEZVraI8ohBfBuLMwQ,097 - Red Cells - Intrinsic Hemolysis @Vid4Med.mp4,Video
8102104059630362,BAACAgUAAxkBAAIBSGVErlt9fOa0An4ip6V0Xvi5T_enAAImDAACnkEZVj4z9CyMXkR4MwQ,098 - Red Cells - Macrocytic Anemia @Vid4Med.mp4,Video
0605236307501551,BAACAgUAAxkBAAIBSWVErluKeqI8g-oAAbozXsRL-4F-lQACJwwAAp5BGVYu5SmALvWzZDME,099 - Red Cells - Microcytic Anemias @Vid4Med.mp4,Video
5491584240552773,BAACAgUAAxkBAAIBSmVErlv0VdvPCFUwBOlC9iWzyjqHAAIpDAACnkEZVhdHHKQvc8R4MwQ,100 - Red Cells - Normocytic Anemias @Vid4Med.mp4,Video
7363569509158971,BAACAgUAAxkBAAIBsWVEumXp3YM1_V07fqel3wfEd9D-AAIqDAACnkEZVnM84LvXcVVSMwQ,101 - Red Cells - Sickle Cell Disease @Vid4Med.mp4,Video
5647597595564098,BAACAgUAAxkBAAIBsmVEumWCm3UikMZPiK1YYrun_crjAAIrDAACnkEZVvZLL46OSPmOMwQ,102 - Red Cells - Thalassemias @Vid4Med.mp4,Video
4243374939083917,BAACAgUAAxkBAAIBs2VEumWSbttudrV06UdZ6I_c8fY5AAIsDAACnkEZVpmnHGw7o2YGMwQ,103 - White Cells - Acute Leukemias @Vid4Med.mp4,Video
8575170947590037,BAACAgUAAxkBAAIBtGVEumV3YYMPjAGVDUHp9U2ac6t8AAIuDAACnkEZVjRszzkDo8J6MwQ,104 - White Cells - Amyloidosis @Vid4Med.mp4,Video
7986468039881705,BAACAgUAAxkBAAIBtWVEumXs9Ft7o_gMw3p4p2iTkYzFAAIvDAACnkEZViIWCxlaBVQzMwQ,105 - White Cells - Chronic Leukemias @Vid4Med.mp4,Video
2421503534881845,BAACAgUAAxkBAAIBtmVEumWPpZrvQD88SeclAAEifkSeuQACMAwAAp5BGVYNcQxtczSWajME,106 - White Cells - Hodgkin Lymphoma @Vid4Med.mp4,Video
7992505028658058,BAACAgUAAxkBAAIBt2VEumXGzLtc31cthDG-HT1GkORyAAIyDAACnkEZVtIkiQGjYwstMwQ,107 - White Cells - Myeloproliferative Disorders @Vid4Med.mp4,Video
1866095831369585,BAACAgUAAxkBAAIBuGVEumVw7Sx3RmIoNs1dLvylMtZyAAI0DAACnkEZVsxraR0iwC3LMwQ,108 - White Cells - Non-Hodgkin Lymphoma @Vid4Med.mp4,Video
3132426949870204,BAACAgUAAxkBAAIBuWVEumXLEpJWzMseoDP3Cz-TmoxYAAI1DAACnkEZVlQ5_SRx9-tLMwQ,109 - White Cells - Plasma Cell Disorders @Vid4Med.mp4,Video
3380089651328949,BAACAgUAAxkBAAIBumVEumW3KZFhPJOfNZtClX_9Va_sAAI2DAACnkEZVkv7a75WUZ1kMwQ,110 - Antibiotics - Beta Lactams @Vid4Med.mp4,Video
9523745953151034,BAACAgUAAxkBAAIBu2VEumUvakhJ9uvln2ZJkHWNFWq0AAI3DAACnkEZVocucpepGIFNMwQ,111 - Antibiotics - Other Antibiotics @Vid4Med.mp4,Video
6847762632070605,BAACAgUAAxkBAAIBvGVEumV8TnD6NbQi5mgcnctSJUuhAAI4DAACnkEZVr3gnAWr6WjNMwQ,112 - Antibiotics - Penicillins Z@Vid4Med.mp4,Video
6767373033738405,BAACAgUAAxkBAAIBvWVEumU4ySxY5W5Rh1gKZcNqyxQ1AAI5DAACnkEZVoZksOreVIZFMwQ,113 - Antibiotics - Protein Synthesis Inhibitors @Vid4Med.mp4,Video
2983689353482066,BAACAgUAAxkBAAIBvmVEumXaNGBHc32t7spnpxFMg36nAAI6DAACnkEZViQ8M2NIQDumMwQ,114 - Fungi and Parasites - Antifungal Drugs @Vid4Med.mp4,Video
3974091038723042,BAACAgUAAxkBAAIBv2VEumUc1I6OJ--aWLVugp9_CrIEAAJBDAACnkEZVk-NOxUrdRZUMwQ,115 - Fungi and Parasites - Fungal Infections @Vid4Med.mp4,Video
2288372163939274,BAACAgUAAxkBAAIBwGVEumXrQv521n-l_i6d8GFmbWeVAAJCDAACnkEZVh6GEnQsxmFbMwQ,116 - Fungi and Parasites - Malaria @Vid4Med.mp4,Video
9213628939427409,BAACAgUAAxkBAAIBwWVEumWO5T7G_I19c6kiq2Ce372WAAJDDAACnkEZVlI6Z2dESnSKMwQ,117 - Fungi and Parasites - Protozoal Infections @Vid4Med.mp4,Video
0309407423044053,BAACAgUAAxkBAAIBwmVEumWzLd14TmMdPhYMiAethseWAAJFDAACnkEZVqnuJ5GodZmMMwQ,118 - HIV - HIV Complications @Vid4Med.mp4,Video
2721879716327647,BAACAgUAAxkBAAIBw2VEumXaDwdcujNoQiC3sIHZlTUhAAJGDAACnkEZVmgWyBR4RX4eMwQ,119 - HIV - HIV Drugs @Vid4Med.mp4,Video
1486033950168417,BAACAgUAAxkBAAIBxGVEumUrPEseOemwRPrGpBDyw8mgAAJIDAACnkEZVuSYTPKBmxJkMwQ,120 - HIV - HIV Infection @Vid4Med.mp4,Video
6208921416751239,BAACAgUAAxkBAAIBxWVEumXHrVZGqYx_Z-T6B3g7VIJYAAJMDAACnkEZVhS_94VUXXlCMwQ,121 - Other Topics - Adult Vaccinations @Vid4Med.mp4,Video
3580906992478518,BAACAgUAAxkBAAIBxmVEumVBPcZyoN5zGm4ZAVreX-38AAJPDAACnkEZVgqre02tvrNcMwQ,122 - Other Topics - Meningitis @Vid4Med.mp4,Video
4270186937291723,BAACAgUAAxkBAAIBx2VEumXvZI03XrdlcF9PWuNuemtRAAJQDAACnkEZVhwBEhsmsrl_MwQ,123_Other_Topics_Sexually_transmitted_Infections_@Vid4Med.mp4,Video
4705438010916252,BAACAgUAAxkBAAIByGVEumXhiavVSwp1TP0oU580f5T0AAJRDAACnkEZVrdn4VtgrsLGMwQ,124 - Other Topics - Tick-borne Illnesses @Vid4Med.mp4,Video
8106394605020834,BAACAgUAAxkBAAIByWVEumXOxr5iO2ZMTBTy_gABZzuZ_AACUgwAAp5BGVbOjHqRJxHEkDME,125 - Other Topics - Tuberculosis @Vid4Med.mp4,Video
9076780012796898,BAACAgUAAxkBAAIBymVEumUqQ07lDJ0iVpy6MY-ObH-VAAJTDAACnkEZVo9x-cZMzRwaMwQ,126_Demyelinating_Disorders_Demyelinating_Disorders_@Vid4Med.mp4,Video
3779075410527652,BAACAgUAAxkBAAIBy2VEumXTXq6hQcv674bvJISbgRa-AAJUDAACnkEZVuZGhRxBAo0DMwQ,127 - Demyelinating Disorders - Multiple Sclerosis @Vid4Med.mp4,Video
8728000887031620,BAACAgUAAxkBAAIBzGVEumUR1wABBzz60WxvEK0KGqBjMAACVQwAAp5BGVaSO3HC1DA9zzME,128 - Movement Disorders - Movement Disorders @Vid4Med.mp4,Video
5493788541313900,BAACAgUAAxkBAAIBzWVEumVwqjBN00-aeoOuU53qoGHXAAJWDAACnkEZVu0uh0FZvFj4MwQ,129 - Movement Disorders - Parkinson_s Disease @Vid4Med.mp4,Video
7709376648162040,BAACAgUAAxkBAAIBzmVEumUYAAGEiKuUg3XMp7_aAn3vrwACVwwAAp5BGVagxfviqAqTDDME,130 - OtherTopics - Altered Mental Status @Vid4Med.mp4,Video
2229488552087939,BAACAgUAAxkBAAIBz2VEumWfdF-zdCnj2-3TWAQIAqw5AAJYDAACnkEZVgABN_kEoHMZ8jME,131 - OtherTopics - Cerebellar Disorders @Vid4Med.mp4,Video
5228811379570519,BAACAgUAAxkBAAIB0GVEumVvdKbmxxVCYSWSv-K5f5_zAAJZDAACnkEZVpociw5zw9x6MwQ,132 - OtherTopics - CNS Malignancy @Vid4Med.mp4,Video
1092884020889187,BAACAgUAAxkBAAIB0WVEumVmW7Pzffkq43LDnP8Q-Y6dAAJaDAACnkEZVsrfMO9nXRCUMwQ,133 - OtherTopics - Congenital Neurology @Vid4Med.mp4,Video
0607906369163084,BAACAgUAAxkBAAIB0mVEumXRBCOj5IdhHkn8NsJBkwVpAAJbDAACnkEZVqlZeuhsp4RlMwQ,134 - OtherTopics - Dementia @Vid4Med.mp4,Video
7974351504075994,BAACAgUAAxkBAAIB02VEumULYe1J_D2B1yvorGrwiMteAAJcDAACnkEZVm_nlJqG84YAATME,135 - OtherTopics - Headache @Vid4Med.mp4,Video
8233380157726156,BAACAgUAAxkBAAIB1GVEumWdsPPp297x72p2qxnn7XZPAAJhDAACnkEZVitlY3IIG6v9MwQ,136 - OtherTopics - Intracranial Hypertension @Vid4Med.mp4,Video
1179945429207750,BAACAgUAAxkBAAIB1WVEumVYiYm3QkL8oRUbWeP8P50oAAJlDAACnkEZVkK_otplFYSJMwQ,137 - OtherTopics - Neuromuscular Disease @Vid4Med.mp4,Video
1973917777835243,BAACAgUAAxkBAAIB1mVEumXP1rCbwKP8Tst9ZRFc1JCMAAJqDAACnkEZVk7AgarGi72mMwQ,138 - OtherTopics - Spinal Cord Disorders @Vid4Med.mp4,Video
0693332568820857,BAACAgUAAxkBAAIB12VEumVhfd8Mf_kFjMLX658eJ_hxAAJrDAACnkEZVi0NSrUntY6cMwQ,139 - OtherTopics - Syncope @Vid4Med.mp4,Video
7618406578570502,BAACAgUAAxkBAAIB2GVEumWWsJH1Ghn2tqT4fq1iBP2NAAJtDAACnkEZViUEgnYVbc99MwQ,140 - OtherTopics - Traumatic Brain Injury @Vid4Med.mp4,Video
1397579795398734,BAACAgUAAxkBAAIB2WVEumXaYM1ATvUFo2lEk3IRUIRYAAJuDAACnkEZVqXvQ6PJnY3MMwQ,141 - OtherTopics - Ventricular Pathology @Vid4Med.mp4,Video
2348553776177788,BAACAgUAAxkBAAIB2mVEumV-Nbdj4E9c2RcchUsjLdn7AAJvDAACnkEZVmOD_MSanGniMwQ,142 - OtherTopics - Vertigo @Vid4Med.mp4,Video
3141935492679004,BAACAgUAAxkBAAIB22VEumXXkpSATj6Wt8YHiUzJl169AAJwDAACnkEZVn-34FQdwzToMwQ,143 - Seizures - Seizure Treatment @Vid4Med.mp4,Video
4717440223204648,BAACAgUAAxkBAAIB3GVEumV_fdrMfuViMAbQzTA_JcvpAAJxDAACnkEZVm9LA45w1bNzMwQ,144 - Seizures - Seizures @Vid4Med.mp4,Video
6333205720280080,BAACAgUAAxkBAAIB3WVEumUDz4RNQEKnHL4ieOEzvl56AAJyDAACnkEZVmc-1sYYITTDMwQ,145 Stroke and Hemorrhage - Intracranial Bleeding @Vid4Med.mp4,Video
1991818081120437,BAACAgUAAxkBAAIB3mVEumU_1NreGtA_lJkvWE7LGuNUAAJzDAACnkEZVvGHJpImP3G1MwQ,146 - Stroke and Hemorrhage - Stroke I @Vid4Med.mp4,Video
5310742263623825,BAACAgUAAxkBAAIB32VEumWOFcsia7xBSJkzKAJ65RcYAAJ2DAACnkEZVs8b1y5vwaOCMwQ,147 - Stroke and Hemorrhage - Stroke II @Vid4Med.mp4,Video
7096460574390683,BAACAgUAAxkBAAIB4GVEumXkWloqrJjO8o1GAQoG9rBSAAJ7DAACnkEZVuynVLeqpTvhMwQ,148 - Breast - Breast cancer @Vid4Med.mp4,Video
2974122687724582,BAACAgUAAxkBAAIB4WVEumVtfgLw6GfLcdAlXN2lvgVPAAKBDAACnkEZVhkyfXIE370IMwQ,149 - Breast - Breast Masses @Vid4Med.mp4,Video
8748863982927897,BAACAgUAAxkBAAIB4mVEumUH0T0uTF4FWLGZl9QWQlMLAAKCDAACnkEZVlrNp1dGnKdiMwQ,150 - Gynecology - Abnormal Uterine Bleeding @Vid4Med.mp4,Video
4732639572720486,BAACAgUAAxkBAAIB42VEumWY-ctcyLALD8juzdmanrc6AAKDDAACnkEZVoyLWsT7NY1JMwQ,151 - Gynecology - Adnexal Masses @Vid4Med.mp4,Video
5656008218150431,BAACAgUAAxkBAAIB5GVEumVggxA3WitB5C1pVBXXg33ZAAKGDAACnkEZVjavDJx7mfiDMwQ,152 - Gynecology - Cervical Cancer @Vid4Med.mp4,Video
0979127892743795,BAACAgUAAxkBAAIB5WVEumXtzdeWbP9C_57sjsXWyYvRAAKIDAACnkEZVkBIng6J1UwNMwQ,153 - Gynecology - Contraception @Vid4Med.mp4,Video
1403675870900011,BAACAgUAAxkBAAIB5mVEumWLfXRtlK2pB0xRKCGGomgkAAKJDAACnkEZVg3fzXf8jr7fMwQ,154 - Gynecology - Dysmenorrhea @Vid4Med.mp4,Video
1274758900112359,BAACAgUAAxkBAAIB52VEumXR42IUJkgwiWwVaJsAAdqHMAACigwAAp5BGVb5h4ngfPXmuzME,155 - Gynecology - Menstrual Cycle @Vid4Med.mp4,Video
7519671735472234,BAACAgUAAxkBAAIB6GVEumV2fudr6gGXAoFn7scznNUAA4sMAAKeQRlWcP49Vc9VkHkzBA,156 - Gynecology - Ovarian Neoplasia @Vid4Med.mp4,Video
4233175217512542,BAACAgUAAxkBAAIB6WVEumXDmsCntWeCVrxFxhQWLq5UAAKMDAACnkEZVrLRfHVcZqa5MwQ,157 - Gynecology - Pelvic Inflammatory Disease @Vid4Med.mp4,Video
9954943012367077,BAACAgUAAxkBAAIB6mVEumWyuPz0cC1UoBBOJI0OjIZ5AAKNDAACnkEZVui50VVQbzu-MwQ,158 - Gynecology - Primary Amenorrhea @Vid4Med.mp4,Video
4620764918580438,BAACAgUAAxkBAAIB62VEumVQmmoJkeYxJMrfFfe0tMWZAAKODAACnkEZVjKqCV7qoiGBMwQ,159 - Gynecology - Secondary Amenorrhea @Vid4Med.mp4,Video
